<?xml version="1.0" encoding="UTF-8"?>  
<beans  
    xmlns="http://www.springframework.org/schema/beans"  
    xmlns:xsi="http://www.w3.org/2001/XMLSchema-instance"  
    xmlns:p="http://www.springframework.org/schema/p"  
    xsi:schemaLocation="http://www.springframework.org/schema/beans  
               http://www.springframework.org/schema/beans/spring-beans-3.0.xsd">  
<bean id="a1" class="spring.Address">
<property name="street" value="Behala"></property>
<property name="city" value="Kolkata"></property> 
</bean>  
<bean id="studentbean" class="spring.Student">  
<property name="name" value="Ankit Seth"></property>
 
</bean> 
<bean id="f1" class="spring.Friend"> 
<constructor-arg value="2000030024"></constructor-arg>
<constructor-arg value="Aishik Ghosh"></constructor-arg>
</bean>
<bean id="f2" class="spring.Friend"> 
<constructor-arg type="int" value="2000031382"></constructor-arg>
<constructor-arg index="1" value="Achyuta Mohapatra"></constructor-arg>
</bean>
<bean id="s1" class="spring.Student" parent="studentbean">
<constructor-arg type="String" value="ABC"></constructor-arg>
<constructor-arg ref="a1"></constructor-arg>
<constructor-arg>
<list>
<ref bean ="f1"/>
<ref bean ="f2"/>
</list>
</constructor-arg>
</bean>  
</beans>