<?xml version="1.0" encoding="UTF-8"?>  
<!DOCTYPE hibernate-configuration PUBLIC  
        "-//Hibernate/Hibernate Configuration DTD 3.0//EN"  
        "http://www.hibernate.org/dtd/hibernate-configuration-3.0.dtd">  
<hibernate-configuration>  
    <session-factory>  
            
    <property name="hbm2ddl.auto">update</property>    
        <property name="dialect">org.hibernate.dialect.MySQL5Dialect</property>    
        <property name="connection.url">jdbc:mysql://localhost:3306/klu</property>    
        <property name="connection.username">root</property>    
        <property name="connection.password">Ankit@25</property>    
        <property name="connection.driver_class">com.mysql.jdbc.Driver</property>   
       	
       	<mapping resource="employee.hbm.xml"/>  
       	
        <mapping class="com.klu.hibernate3.Employee"/>  
        <mapping class="com.klu.hibernate3.Regular_Employee"/>  
        <mapping class="com.klu.hibernate3.Contract_Employee"/>  
          
    </session-factory>  
</hibernate-configuration>  
